idSTUD,first,second
350982,"82,204",111
3372564,"91,106,100,190,214,220",81
1420951,"15,20,35,127,133,144,154,163",139
396459,"63,70,71,189,200,176,185,198",159
2349839,"5,95,100,123,229",84
2418938,"15,29,39,129,132,138,147,153,157",61
2396897,"64,66,70,95,190,201,177,180,203",35
397389,"62,69,106,99,190,200,179,185,193,196",12
2326310,"82,112,116,202,227",68
1422253,"15,20,38,127,133,135,144,154,158,161",88
2421263,"15,29,34,70,129,131,141,151,158",107
351540,"2,120,90,82,231",47
3350430,"11,12,103,91,216,227",28
2418845,"32,40,131,141,154,157,161,172,174",176
2419217,"29,37,52,127,133,148,153,158,161",110
1421788,"16,24,43,51,128,132,145,154,155",53
2423123,"20,35,70,129,130,134,148,151,155,164",178
2353466,"77,106,107,218,229",85
2396711,"58,66,70,91,189,201,172,174,176,184,193",195
1351201,"11,3,82,215,216",164
1353061,"79,86,82,218,226,229",136
1325812,"91,106,106,107,112,226",218
1422997,"19,40,52,127,131,150,153,157,163",107
1372870,"79,81,82,106,166,227,222",230
2419961,"17,34,53,71,82,126,133,147,153,157,159",44
2352908,"2,120,91,106,123,224",103
2396990,"55,69,86,170,200,179,181,192,202,204",171
3376284,"40,69,80,106,154,164,203,218,222",176
1399096,"61,66,69,71,189,201,172,174,177,182,198",228
2328077,"5,44,80,99,107,191,227",147
3420738,"16,27,41,70,129,133,137,141,151,155",58
2350490,"103,91,82,102,228",160
3399999,"63,69,71,189,200,178,185,202",66
2349002,"80,126,131,221,225,226,233",160
3372843,"74,80,106,167,227,222,227",43
2419124,"16,29,46,95,129,133,135,150,151,157",189
2327612,"64,93,82,100,214,220,231",190
3327180,"1,2,108,112,218",67
3372378,"77,81,82,166,216,217,220",88
2329193,"103,99,111,112,226,229",87
352470,,38
3376470,"74,81,106,128,130,200,179,182,202",192
420639,"22,35,51,128,130,140,145,154,157",72
3376191,"64,81,202,166,220,227,229",219
1351666,"1,2,95,119,123",65
3373959,"80,82,106,196,166,211,213",56
2350211,"100,102,112,204",84
3397395,"58,70,78,99,153,189,200,176,185,192",157
1395655,"19,42,59,65,69,141,189,200,179,183,192,202",227
1397143,"69,95,190,200,176,183,191,192",57
3395628,"60,69,106,100,190,200,171,173,177,180,192",185
1328974,"66,80,107,128,156,227,230",193
398226,"55,70,71,106,190,200,178,180,199",194
1372405,"3,61,80,106,193,213",97
2421914,"18,46,51,128,133,142,151,157",211
1351015,"93,102,108,112,204",60
2375693,"76,81,91,93,82,167,222,223",20
397668,"57,69,82,106,190,201,176,185,193,196",102
1422718,"15,26,38,129,130,135,150,151,158",95
1395562,"56,70,86,189,201,172,174,178,180,202",177
375720,"76,80,82,172,174,167,226,222",206
2422286,133,178
3372750,"75,80,93,193,196,166,212,221",77
2349746,"95,202,166,221,225,233",128
325779,"2,106,106,106",159
3419157,"31,42,51,128,131,139,146,156,163",69
3374331,"80,200,176,181,166,219,224,225",62
350052,"80,82,177,180,166,218,227",26
351819,"78,93,82,100,112,229",32
2372810,"80,89,93,166,219,223,225",142
3421296,"19,35,51,129,133,134,141,153,155",137
1327207,"33,70,78,80,107,117,127,164,189,201,231",94
2374856,"55,77,80,93,196,167,212,221",140
2422472,"16,19,40,129,131,137,143,152,158",139
351261,"228,205,206,214,215",161
3351825,"1,102,215,227,227",188
3396744,"47,63,65,70,106,190,200,179,187,192",233
2326496,"61,190,178,182,193,202,203",67
3418692,"19,38,51,129,132,148,151,155,159",156
3419343,"16,22,34,70,128,131,143,153,158,165",219
3419715,"17,39,126,132,142,153,158,164,191",111
3353313,"6,39,60,70,77,81,99,100,229",48
399435,"58,69,100,190,200,172,174,179,184,193",150
1395376,"56,86,90,190,200,172,174,177,180,199",136
374511,"80,106,115,116,117,121,167,231",213
3420366,"15,27,37,129,131,139,143,152,155",136
3398046,"50,63,69,93,106,189,176,183,202",166
1373707,"79,80,93,106,166,226,222",112
1419835,"25,43,51,129,132,137,141,152,155",159
395343,"64,66,70,90,170,201,176,180,199,217",92
1350271,"6,7,110,11,74,191,208,230",39
1396864,"14,58,70,153,190,200,176,187,192",39
399807,"64,70,71,91,190,200,179,184,193",1
1421695,"22,45,52,127,131,140,147,154,157",219
3398325,"69,90,106,189,201,171,173,177,183,202",47
1398538,"57,66,152,159,190,200,176,183,193",52
1396771,"60,65,69,189,201,172,174,179,182,192,202",195
3373215,"110,71,78,81,106,196,167,212",190
397854,"59,69,170,201,172,174,176,180,196",148
2399408,"66,69,189,201,172,174,177,186,193,196",182
353400,"82,106,112,204,229",11
418872,"15,19,40,129,130,138,141,151,157",72
1419742,"16,25,128,131,138,143,152,157,164",178
350238,"90,100,226,223,226",108
3353406,"33,79,81,190,178,186,222,226",162
2350397,"86,114,115,116,117,231",219
3350523,"106,108,112,204,227",109
326151,"5,82,99,227,229",165
376185,"81,91,201,167,214,216,217",176
2350862,"95,99,213,221,224,225,227,233",217
422592,"15,24,36,129,132,141,151,161",59
2351606,"106,106,112,227",69
2373647,"77,81,82,178,187,167,215,221,231",4
1398724,"61,70,100,190,201,171,173,177,181,199",32
395622,"63,66,69,190,201,177,180,196",23
1376125,"81,106,191,166,205,208",57
1328230,"10,127",84
3351267,"106,111,112,226",168
395529,"63,70,76,86,170,201,172,174,178,181,205",97
1421974,"22,36,53,126,132,144,154,156",129
2352536,"81,103,189,176,187,219,225",181
395808,"58,69,71,164,170,200,172,174,178,186,207",81
3373401,"76,80,93,172,174,167,218,222",165
1352224,"100,214,223,225,226,233",220
2421170,"26,43,52,126,133,147,152,155,159",83
1399840,"58,73,126,189,200,172,174,177,187,204",43
2399966,"59,69,93,189,200,172,174,179,185,192",113
1349620,"80,93,107,167,214,216,220",115
2350769,"6,11,93,204,230",56
3422598,"30,53,129,132,140,150,152,157,163",21
398691,"56,70,91,189,201,176,185,192,202",160
374976,"91,82,115,167,217,231",198
2351699,"120,100,122,198,217",68
1398817,"64,66,69,71,190,201,177,183,203",52
2349653,"70,91,93,82,127,172,174,202,227",219
2422751,"15,31,40,129,131,143,152,157,161",106
374046,"75,106,167,218,222,223,226",165
3328017,"113,11,10,12,106",30
3396837,"63,69,95,189,201,171,173,177,183,198",70
2376344,"57,66,100,190,200,176,180,198,202",81
2420240,"31,46,52,126,133,150,154,158,159",223
3373122,"58,103,99,190,200,179,181,198,166",169
1420858,"16,25,43,128,133,143,154,155,165",32
373581,"80,95,82,166,221,231",67
3348942,"2,120,82,119,123,221,231",112
3398883,"62,69,95,93,100,193",127
421569,"16,30,41,70,128,133,136,143,154,157",192
1374172,"13,74,80,166,221",142
3375261,"77,80,82,106,204,206,207",16
2397548,"14,61,69,190,200,176,181,192,202",70
3423249,"16,22,41,129,132,137,144,153",49
1348783,"10,3,203,211,224",123
1398910,"61,65,70,82,152,190,179,187,199,203",158
2372159,"74,80,93,166,216,222",34
399621,"103,91,82,154,155",73
1421044,"30,42,54,128,132,135,143,152,158,165",90
3351639,"113,112",169
397482,"58,70,71,86,189,200,176,184,202",100
1422439,"16,29,46,128,133,136,142,151,157",108
3326529,"79,93,190,176,183,192,204,210,218",74
1374916,"58,74,80,106,167,219,220,221",125
422871,"16,27,45,129,133,150,151,158,161",143
398412,"63,70,71,190,201,171,173,177,184,198",140
1396585,"29,48,70,127,132,135,148,153,158,163",195
351726,"1,2,120,82,100,115,118,121,122",5
2374577,"80,91,93,106,167,206,207",74
3352290,"202,222,227,229",112
3351174,"113,82,106,106,107,192,226",100
1350550,"76,80,86,115,116,231",72
2353187,"76,86,192,208,210,230",229
3419622,"15,18,34,129,133,136,143,152,155,162",228
326430,"82,102,106,107,226",108
2420705,"15,22,37,129,130,149,151,158,164",141
353121,"82,107,203,167",110
374697,"61,65,190,201,179,183,192,202,166",175
1326463,"63,81,99,128,214,217,231",90
1351759,"12,79,80,95,91,99,212",168
418779,"16,32,44,127,131,148,153",84
3396279,"59,69,100,154,189,200,179,187,193,196",216
2421821,"30,35,51,128,132,137,146,154,156",4
3421482,"15,32,40,129,132,147,151,158,163",154
3419808,"15,17,43,129,131,144,153,158,161",115
1420579,"26,40,52,127,130,135,145,154,157",47
2372345,"89,91,94,190,200,172,174,176,181,198",205
1396120,"66,99,190,201,176,187,193,196",15
3395442,"14,56,69,189,200,172,174,177,184,192",146
2396153,"63,70,86,90,170,200,176,181,202",108
1421881,"16,33,46,129,133,135,150,151,157",41
1422811,"16,32,35,127,131,138,145,154,158,165",85
2422658,133,210
1422160,"16,25,43,128,133,147,154,157,164",129
1423183,"26,39,128,131,145,152,158,163",209
2420333,"18,40,52,127,130,134,148,154,158",185
1398166,"70,99,190,201,171,173,178,185,192,202",102
2374019,"80,93,106,167,218,219,225",77
422964,132,182
373023,"13,73,81,167,227,222,229",145
3422877,"43,54,70,128,133,143,153,157,162",107
1375195,"80,93,106,196,166,212",190
3350895,"3,110,106,216",20
3418599,"15,27,38,129,133,150,151,158,160",122
3327738,"113,89,106,204,218",114
422313,"16,19,41,128,130,134,142,151,158,165",163
1398073,"62,70,95,189,201,171,173,177,186,193,198",116
396645,"64,66,70,71,190,200,176,185,202",220
2421542,"18,41,52,126,130,145,154,155,162",200
1420393,"16,18,45,128,133,138,145,151,157,160",113
2375507,"73,80,100,172,174,204,218,227",52
2422007,"15,18,38,107,127,133,144,156,164,203",81
351447,"3,110,70,103,93,166,213",180
1419184,"16,31,38,127,131,148,153,155",165
1373986,"59,77,190,200,172,174,166",232
372093,"11,3,80,193,167,212",139
373209,"62,76,80,93,106,218,227",53
353214,"99,106,106,112,204,229",79
2373833,"56,78,81,106,167,216,217,221",177
2397641,"69,79,93,190,179,180,192,202",148
2395688,"62,66,69,190,200,176,182,198",211
2423309,"16,26,38,127,131,148,154,158",184
2352443,"93,82,116,217",119
3419064,"15,26,38,129,131,135,147,152,155,162",97
1419463,"15,33,43,129,131,143,152,163",220
327267,"6,7,103,102,204",174
1351294,"10,3,106,232",99
3397209,"62,69,93,190,171,173,178,182,193,199",143
396831,"59,130,189,200,174,177,186",41
2375972,"80,93,201,196,166,214,216",163
352656,"94,82,119,166,218",125
372930,"7,75,80,191,166,208,210",85
2423030,"15,21,34,129,130,149,151,158,163",23
1395283,"61,70,91,106,189,200,176,185,199",80
3396465,"70,93,189,201,171,173,178,187,192",170
349029,"106,108,202,204,227,229",206
3398976,"58,69,93,106,189,200,179,185,192",15
2420147,"27,37,52,127,132,138,144,154,155,164",128
2421356,"15,26,39,129,131,140,141,152,158",146
2351141,"64,77,80,106,171,173,167,214",79
328383,"99,111,202,222",52
2398199,"56,66,70,100,189,201,172,174,176,181",76
2422379,"25,37,51,129,133,141,153,155,159",212
2372252,"74,80,106,167,205,219,225,233",101
1397980,"70,93,100,189,200,171,173,178,185,221",83
2420798,"15,44,127,132,147,153,155",57
421662,"16,17,41,128,131,145,154,158",210
1418719,"15,30,45,129,132,136,141,152,157",12
1421323,"15,29,36,129,130,137,141,151,157",20
2353094,"62,116,189,217",231
3375354,"73,80,106,200,167,219,225",111
372558,"80,106,100,189,219,224,225",199
1352596,"99,217,231",150
1350922,"154,204,218,227,229",28
3396186,"59,70,93,82,151,190,200,199",103
2420891,"30,36,52,90,126,132,144,154,157",166
2374484,,112
422499,"53,126,131,141,153,155,164",159
1349713,"5,66,131,196,210,230",1
1419370,"16,20,128,133,139,142,151,158",27
1374637,"76,81,200,199,203,218",38
2421635,"16,29,35,70,127,133,137,148,152,157",94
2349560,"100,102,112,204",155
3397860,"56,66,189,201,176,185,193,196,202",229
2351513,"86,82,219,221,223,224,225,226",25
376650,"80,86,155,166,215,220,221",35
2420612,"24,38,51,129,131,150,152,164",202
2375042,"81,99,172,174,222,229",101
2349281,"120,89,100,117,231",57
1349155,"112,172,174,204,227",228
3422226,"41,51,56,128,133,136,145,157,160",224
2352815,"86,82,106,196,217,221,227,231",20
350796,"6,86,82,204",220
1373521,"13,63,189,201,176,187,193,196",126
3375912,"60,106,162,177,186,193,196,213",83
2375228,"80,99,167,215,220,226",196
419430,"15,21,44,52,127,131,144,154,155",222
395994,"63,69,190,171,173,177,183,198,203",122
1419649,"20,44,51,128,131,144,151,156,159",101
1372963,"81,91,82,106,218,223,227",40
1419091,"15,33,38,127,131,142,152,158",194
1396027,"58,69,106,189,200,171,173,177,187,193,203",44
1374079,"81,93,106,201,221",61
1420486,"16,17,46,129,133,150,151,158,161",50
1352410,"113,11,12,106,106",55
1396306,"60,66,70,71,86,190,178,185,202",160
2398292,"56,69,93,190,171,173,177,182,192,199",122
3374889,"80,93,166,204,216,221,227",210
3372936,"75,81,82,178,187,215,221,231",92
399714,"60,69,93,106,189,179,180,192",76
2419031,"16,17,42,128,133,144,154,157",99
3397488,"57,69,189,201,171,173,177,183,192",176
3351081,"120,93,107,112,218",211
3398232,"63,65,69,158,189,172,174,179,185,193",109
1397701,"61,70,99,189,201,171,173,177,184,192",127
3372657,"73,81,82,106,200,226,222",51
421476,133,188
2419403,"15,35,54,127,132,145,152,157,163",179
2374670,"55,75,80,167,205,206,207",42
3396372,"61,66,70,106,189,176,181,202",98
2375879,"81,106,166,216,217,221",28
2353373,"11,70,93,193",2
1325533,"82,102,112,204,227,229",142
2422100,"32,43,51,128,133,144,154,158,165",3
2395967,"13,57,69,170,200,172,174,179,187,193,199",177
1419928,"16,32,40,128,133,145,151,155,160",18
2418752,"20,46,52,129,132,150,151,157,163",90
2352071,"75,93,102,108,109,112,191",165
3349872,"81,106,178,180,227,223",120
1372684,,20
3399162,"59,70,93,100,189,200,171,173,178,185,221",176
1352503,"99,102,112,204,222,226",74
421290,"33,37,52,127,131,148,153,155",97
1396492,106,3
3328947,"100,106,220",60
2422844,"24,35,52,127,133,145,153,157,159",222
3422691,"15,32,38,70,129,132,143,153,158",178
422220,"32,39,126,130,139,145,154,157,163,172,174",215
2395316,"60,69,71,95,190,200,179,184",147
2372066,"80,99,172,174,167,215,221",161
3398604,"63,69,100,190,201,171,173,178,182,192,203",22
422778,"32,40,51,128,131,146,154,156,165",202
3396000,"58,69,86,100,190,201,171,173,178,183,202",71
3376563,"93,106,167,227,222,226",189
2418566,"15,22,34,71,127,130,144,154,157",112
3349500,"86,106,108,112,224",70
3372099,"61,86,170,201,171,173,196",159
2399036,"63,66,69,190,200,172,174,177,185,193",222
2419310,"28,36,71,126,132,148,152,158,159",194
376092,"79,81,82,99,166,216,217",205
1350643,"116,189,171,173,215,216,221",24
2375786,"75,81,106,167,217,220",227
1326370,"66,82,107,200,203,221",142
352005,"99,192,205",113
374232,"74,81,91,106,193,166,214",206
372372,"80,99,191,166,206,207",231
2327984,"1,2,80,86,95,126,131",221
3399348,"61,69,90,189,201,172,174,179,182,198",227
1373893,"79,80,106,166,218,227,222,226",31
3421761,"16,33,38,129,132,150,151,158",42
373395,"76,100,189,201,171,173,177,183,203",47
3373866,"57,76,80,167,218,222,226",92
1348876,"228,205,214,225,233",152
420453,"16,29,41,127,133,150,154,158",62
3422970,"28,41,52,127,133,142,152,157",160
1399747,"63,66,69,100,190,201,172,174,196",147
372651,"55,79,80,172,174,166,218,219,225",221
1348969,"99,100,215,217,220,231",6
3328296,"6,9,76,192,203,208",77
1395748,"13,64,69,189,200,179,183,199,214",195
2419868,"19,36,52,100,127,132,137,148,153,158,162",220
349680,"75,82,106,191,192,216",86
3352848,"113,210,223,225",163
2397176,"69,106,190,201,171,173,178,182,202",155
349773,"99,112,205,229",1
2397455,"57,65,69,95,189,201,179,182,193",29
1349062,"89,99,112,112,193,226,233",19
2421728,"16,33,42,128,133,138,147,151,158",232
1422346,"21,44,126,132,139,148,152,157,159",83
3375726,"76,80,106,167,226,222",40
2350118,"106,112,204",55
3351732,"2,99,100,216,217,221",98
1372126,"59,81,82,100,203,227,222",124
3376005,"3,55,177,181,196,167,212",53
375813,"73,80,106,166,214,220",107
3420552,"16,31,129,133,135,150,151,158",171
2349374,"82,192,196,208,230",5
375906,"6,78,81,95,91,189,192",184
375441,"13,64,81,99,152,190,201,179,187,192",112
1376311,"29,80,89,140,200,191,192,208,210",91
2376437,"78,80,102,166,227,222",193
422685,132,42
3420924,"26,43,52,126,132,150,153,158,162",14
3420459,"15,27,36,127,133,150,154,156,164",100
1396678,"65,86,89,190,200,176,181,192",146
3421203,"21,42,54,128,131,145,153,158,160",188
2397362,"69,189,171,173,178,182,192,202,203,221",164
3351546,"1,2,5,82,115",140
399249,"62,69,71,95,99,189,200,171,173,178,186",126
1351480,"205,206,207,220,229",18
397296,"56,69,71,95,99,190,200,171,173,178,186",53
396924,"62,65,70,190,201,172,174,179,186,193",118
419151,"16,28,40,128,132,139,143,153",178
2351327,"81,178,183,198,217,220,231",152
3421575,"16,30,37,128,131,137,143,152,157",97
3399069,"62,170,200,178,180,199,202,203",120
2376158,"76,80,82,106,167,227,222,227",15
1373242,"37,60,79,81,190,201,177,186,193,196",166
1372777,"99,189,200,171,173,177,180,199,202",215
1398259,"64,65,69,189,200,172,174,179,184,193",86
2419682,"24,36,51,128,131,142,151,156,163",31
3395535,"56,70,71,95,91,100,190,200,179,181",202
3349779,"82,106,106,128,200,192,202,226",33
2351234,"120,95,90,124,203,227",224
373767,"110,71,74,81,106,196,167,212",143
1396213,"63,69,75,93,106,154,189,179,182",105
3372285,"73,81,106,177,181,167,211,212",76
1350457,"113,11,3,106,106",161
2396618,"62,65,69,106,190,200,179,183,193",11
3326064,"66,76,93,127,156,200,172,174",148
395901,"69,75,100,189,171,173,177,180,191,196",68
1396399,"62,66,69,71,190,201,176,183,202",103
3422319,"31,36,52,126,131,135,144,153,157",148
2373368,"76,81,106,166,216,217,221",116
418593,"15,25,34,107,127,132,150,152,155",205
349959,"110,71,106,228",137
3352011,"90,100,231",213
1397422,"21,66,70,128,132,137,156,190,172,174",216
3373773,"47,70,75,86,100,189,200,178,187",231
395436,"55,66,86,190,200,178,186,199",61
1351387,"100,102,109,123",203
350703,"77,82,125,216,219,225,233",129
1423090,"29,34,51,128,132,144,151,157",90
419802,"16,20,46,128,133,140,142,151,158",65
1375939,"74,81,93,82,167,216,217",57
3420831,"16,28,128,130,135,142,151,157",184
3329226,"10,3,75,100,211",9
1421230,"24,40,53,126,133,136,141,152,157,159",232
3349686,"89,99,106,116,202,218",9
2372624,"79,80,103,154,167,219,225",49
2373554,"62,81,86,201,167,216,217,220",148
2396339,"60,70,106,170,171,173,192,207",138
3395907,"60,70,93,106,128,171,173,177,184,203",100
3327645,"1,2,95,94,99",176
1329346,"93,106,228,231",193
396087,"66,69,71,189,200,177,185,199,215",224
418965,"16,24,34,128,131,136,145,152,158",186
3399627,"47,56,69,190,201,177,183,193",225
2376065,"81,82,106,102,202,227",119
3375540,"73,80,91,93,82,200,221,233",152
2348816,"10,110,90,216",72
1420207,"16,29,46,129,130,139,144,157,165",177
372744,"11,12,80,106,196,167,212",154
3423063,"15,29,44,127,131,146,154,156,160",193
1422625,"18,39,82,100,128,132,144,152,157,164",5
376371,"60,126,136,152,189,200,172,174,177,186",157
3420087,"15,26,44,127,132,141,152,158",220
1397515,"60,70,95,99,189,201,171,173,177,186,199",128
398970,"60,66,70,100,190,172,174,177,184,193",219
1372312,"79,80,177,181,166,211,212",24
2373926,"81,93,82,106,216,217,220",70
1352689,"77,86,103,106,117,231",48
3349314,"10,110,76,103,82,232",98
353028,"77,99,131,166,214,216,220",188
2351978,"82,100,106,107,192,227",153
3418878,"23,38,53,126,132,142,153,158",155
422406,133,190
3352941,"113,91,121,123,124,233",197
2399687,"60,70,93,190,201,178,184,199,203",148
419523,"31,38,99,126,132,148,154,157",41
1399468,"59,70,77,106,190,201,178,187,192",13
2374112,"91,94,82,106",62
3372471,"70,100,137,189,201,178,187,192,210,218",141
398133,"70,86,102,107,190,202,222,226,229",120
3422412,"15,20,42,129,130,144,151,158,160",19
3422133,"16,30,35,70,99,128,130,143,154,157",88
3397116,"58,69,99,190,200,176,185,193,196",180
1418812,"15,19,41,70,129,133,141,151,158",81
2421077,"16,27,44,70,129,132,147,151,155,160",122
3398418,"64,70,189,201,172,174,176,185,193",190
3374517,"64,76,80,91,166,218,226",38
397575,"69,82,190,201,172,174,176,186,193,196",17
3374238,"74,80,99,190,179,180,219,225",197
1352782,"82,108,112,227,226",136
3349035,"11,10,3,106,167",230
2395409,"64,69,99,170,200,172,174,179,187,191,192",173
1372033,"63,73,89,99,191,210,215,227",145
3421947,"15,21,39,129,132,138,141,152,155",69
2395502,"59,190,200,171,173,177,180,191,192",90
3419901,133,206
1349248,"9,109",91
421848,"15,19,41,127,130,147,154,155,161",114
3397023,"62,66,69,99,107,189,200,176,183,191,193,202",201
375999,"63,78,81,91,106,214,216,220",131
3373308,"62,81,95,91,200,179,187,166,220",229
2348909,"6,9,109",47
3349593,"5,102,116,221,226",203
3350337,"6,75,102,109,210",179
397761,"58,66,69,190,200,202,203",152
2374205,"130,155,193,199,166,214",15
2419496,"15,28,35,127,130,141,154,157",232
3420645,"15,23,36,127,131,142,152,155,164",138
399063,"63,65,189,200,172,174,179,184,193,198",206
375162,"75,81,106,109,167,218",120
376464,"64,66,189,172,174,177,180,196",19
3418971,"15,31,42,129,131,150,155,196",86
395715,"14,65,153,189,200,176,182,192",89
1349341,"99,116,193,205",138
421755,"15,25,38,129,131,143,153,155,160",33
1397794,"61,69,86,189,200,178,186,198,216",203
3419529,"15,27,45,127,131,134,147,153,157,164",112
1422067,"15,20,129,130,137,141,151,158,160",40
3422784,"16,23,45,127,131,145,152,155,165",91
3374796,"81,154,166,216,217,221",179
3420180,"30,44,52,70,126,131,142,153,155",186
3350802,"106,108",153
2395874,"14,60,70,86,189,201,177,181,198",146
1397236,"58,66,190,201,172,174,176,184,193,196",232
3398790,"13,58,69,86,189,200,199",184
397947,"59,69,90,106,189,200,171,173,177,187,198",136
1375660,"80,86,93,82,131,172,174,221",133
349122,"86,106,109,124,192,227",46
1349527,"82,106,108,204,227",202
1376032,"106,100,203,221",170
2395781,"70,71,89,190,201,172,174,176,186,215",142
421383,"19,41,93,128,131,142,151,156",220
1421137,"29,34,52,127,133,145,154,157,160",96
2398385,"13,59,66,69,170,201,176,186,203,207",60
398319,"55,66,70,71,106,190,200,176,180,202",49
1374730,"74,81,93,82,227,222,227",45
3352197,"80,89,82,99,166,204",54
349866,"89,192,203",38
396180,"62,69,170,200,179,182,202,204,205,207,219",111
1419556,"27,42,51,128,132,142,151,156",88
350145,"81,93,106,214,216,217",195
3399720,"56,99,170,200,171,173,191,192,219",206
3374703,"61,81,82,189,193,166,217,220",42
2398943,"59,69,189,171,173,178,183,193,198",185
2352629,"61,93,106,153,190,218,227",80
3376377,"80,106,166,219,224,225,233",81
419337,"25,39,52,126,131,137,142,152,157",72
3374982,"80,106,166,208,227,227",93
374883,"60,80,106,191,167,218,229",169
1420114,"27,42,52,126,132,148,154,155,161",153
420918,"27,42,51,128,132,142,151,156",213
2420426,"16,28,35,70,128,132,139,142,151,155,160",29
3395814,"62,69,91,190,200,172,174,179,185,192",66
397203,"62,69,93,82,130,190,200,179,182,198",104
1397887,"57,69,160,170,200,179,181,191,192",111
1421602,"16,17,41,128,130,140,143,154,158",155
2399129,"64,69,71,106,190,171,173,178,182,193",78
1420765,"25,42,52,70,127,132,147,154,157,161",174
396738,"63,69,71,106,100,189,200,179,182,193",7
372279,"80,106,99,166,215,220",98
3395349,"14,61,70,71,189,201,172,174,177,185,199",220
2376251,"73,80,106,166,219,221,225",186
1375009,"12,61,79,81,86,177,184,212",104
2353001,"95,90,100,171,173",174
2372438,"80,89,199,166,215,221",62
2399222,"56,69,95,82,189,201,179,182,193",81
1373800,"6,81,86,93,167,206,208",105
2375600,"78,81,106,189,167,217,220",170
2398013,"62,66,69,93,190,200,177,184,202,203",59
422127,"15,27,35,52,130,140,149,154",48
421941,"23,43,51,128,131,144,154,156,164",161
2375135,"77,80,91,166,216,220,221",227
375348,"90,172,174,202,218,222",173
352935,"102,108,225",3
1352131,"1,2,82,214,215,231",37
2397083,"64,65,89,201,172,174,176,186,193,196",10
3329412,"110,73,86,89,82,106,106",121
1350178,"66,79,106,178,183,222,223,226",188
2350676,"123,172,174,218,227",20
1399933,"58,66,71,82,190,200,177,184,199,203",158
2396525,"64,70,86,190,201,171,173,177,181,198",146
1420021,"23,41,51,129,133,139,144,153,158",226
422034,"15,30,40,127,132,137,141,154,158",170
3398511,"58,69,106,170,171,173,192,207",220
373116,"80,93,106,152,167,227,227",118
3418785,"15,21,43,70,129,131,137,143,153",25
3421389,"28,41,53,126,132,141,154,156",79
2419775,"16,25,42,128,131,136,143,152,155,161",85
420732,"16,18,129,133,134,141,151,158",63
3373029,"80,89,200,167,218,219,225",220
326802,"61,79,81,106,99,223,225,227",6
2373275,"61,80,99,172,174,215,221",9
398598,"49,69,102,190,179,183,202,226,229",212
3353127,"74,81,106,202,215,218,227",1
2373182,"80,103,91,106,166,216,220",48
1351108,"110,106,106",185
2397827,"55,69,106,99,190,200,179,185,198",117
1376404,"80,91,106,167,216,220,221",136
375069,"69,76,80,93,165,179,183,167,206,207",66
2349467,"80,106,112,176,180,167,204,229",65
2398757,"14,56,190,200,172,174,177,184,198",168
3423156,"18,38,127,133,148,154,158,164",135
419988,"16,24,44,95,129,132,138,150,151,158",225
1372498,"59,99,190,200,171,173,178,182,199,202",153
399156,"57,70,100,137,153,189,200,176,184,192",84
2372531,"11,73,80,100,172,174,196,212",187
3373587,"66,77,99,200,193,196,205,210,213",207
2373461,"73,80,91,167,218,222,227",118
2418659,"24,43,51,128,133,147,152,155",210
350424,"78,81,190,179,182,167,216,217",1
2396246,"59,70,95,100,201,176,185,215,221",92
3374424,"73,81,106,214,220,231",167
3374052,"78,81,82,172,174,226,222",40
2376530,"60,65,70,106,189,201,179,186,193",149
3374610,"73,81,86,176,181,167,217,221,231",116
1375846,"79,81,91,171,173,166,214,216,217",174
1327765,"95,89,108,112",192
423243,"33,42,126,132,142,153,158,191",128
349401,"106,155,223,225,233",13
375627,"64,79,81,82,167,227,222,229",34
2374391,"99,106,126,190,217,221",138
351168,"99,108,224,225,233",191
3397767,"57,70,100,190,201,179,187,199,203",59
2398664,"63,66,70,190,200,178,184,193,198",213
1329160,"111,112,202,217,227,229",209
3421668,"30,34,70,128,132,139,142,151,156,159",115
2398106,"58,66,69,100,190,201,176,183,198",111
2395595,"59,69,155,189,200,179,184,191,192",53
3375168,"12,80,106,99,166,211,213",77
2373089,"6,81,93,192,167,208",188
352284,"106,128,156,165,189",104
3396558,"58,69,126,201,172,174,177,183",38
2374298,"90,93,172,174,167,227,222",177
1399561,"63,65,69,190,200,172,174,179,185,193",149
2397269,"46,63,66,69,107,189,177,185,196,203",195
1422532,"15,31,40,127,131,150,153,157,163",178
396366,"60,66,70,71,189,201,176,180,203",7
350331,"95,123,124,125,225,229",145
1398631,"57,66,70,91,190,201,172,174,176,184,193",81
1421509,"15,30,45,127,130,139,149,154,158",115
374790,"13,75,80,106,193,196,167",168
3421110,"25,35,52,91,129,131,147,151,157,165",94
375255,"55,77,80,106,193,166,213",176
420360,"17,36,129,132,143,152,155,159",73
373860,"60,82,106,178,181,167,217,220",118
352563,"2,113,106,106,131,215",200
1418905,"15,24,44,127,130,144,154,158",97
419244,"16,26,39,128,132,145,152,155,161",213
1373056,"62,76,80,124,125,167,219,225",20
372186,"80,91,82,106,106,200,166,226",4
3399441,"64,70,95,151,189,201,179,187,192",16
423057,"18,42,52,126,133,150,153,155,161",146
2374763,"80,218,219,221,225",60
2328356,"82,108,203,219,223,233",128
3398697,"13,58,70,89,82,151,201,176,186",224
3396930,"60,70,95,99,189,201,171,173,177,180,199",151
3325971,"95,99,106,112,116,226",195
421104,"16,24,34,51,128,131,144,151,156",146
1397329,"69,95,99,190,200,171,173,177,187,199",164
2420984,"16,32,44,128,132,137,145,154,158",111
1375381,"58,75,81,152,167,214,217,220",26
1399189,"62,69,189,200,172,174,178,186,198,214",8
2399780,"59,69,189,200,179,184,192,202",23
1421416,"30,39,52,70,126,131,145,153,155",92
1349806,"99,112,192,166,204,227,227",179
372465,"61,65,190,200,172,174,179,184,199",225
3421854,"33,45,54,128,133,140,145,151,157",134
419895,"21,34,53,129,133,150,151,155,165",177
398877,"58,69,71,106,190,200,176,184,193,196",8
398505,"69,93,153,190,200,176,182,191,192",7
2350025,"82,108,112,204",63
3375633,"62,81,91,190,179,183,167,220",69
2419589,"16,21,34,127,131,142,152,157,162",209
398784,"49,66,76,190,172,174,177,187,193,196",72
1349899,"58,77,90,94,99,106,118,122",41
1351945,"91,82,107,121,227",187
3422040,"15,33,38,129,130,149,151,158",205
352191,226,168
1420300,"22,36,53,70,129,130,134,149,151,155",146
1352875,"219,225,233",156
2396804,"58,70,95,153,189,201,177,186,227",42
2350304,"99,114,117,217,231",206
2399873,"69,190,200,171,173,177,180,191,192,203",169
373674,"61,69,170,200,191,203,207",231
2397920,"63,70,99,170,176,181,191,192,203",171
2422937,"24,44,51,128,131,147,152,157,161",125
3351918,"2,216,217,221",14
374604,"74,80,100,106,201,171,173,213",76
374139,"80,82,99,172,174,166,214,220",137
1396957,"56,66,70,71,93,170,200,178,181,202",73
3419994,"16,33,38,127,132,138,145,154,155,163",144
3419250,"15,30,44,127,132,135,141,154,156",19
1376497,"76,80,106,166,218,227,227",60
374325,"80,109,167,210,218,229",60
1423276,"18,34,51,70,129,132,148,152,158",61
3352383,"99,123,225,229,233",178
2349932,"6,86,102,109,153,210",194
397110,"57,66,69,137,189,200,172,174,177,186,198",112
2329100,"55,86,95,111,192,202,226",153
2420519,"25,43,51,128,131,134,144,152,157,163",198
2351048,"3,99,106,131",123
1395469,"58,66,69,99,190,200,176,184,191,202",41
1351852,"86,95,108,112",115
3421017,"22,43,52,126,130,147,154,158,162",32
2422565,"27,45,128,131,137,142,151,156,162",204
423150,"15,24,38,127,130,145,154,158,165",163
419709,"16,31,70,128,131,143,154,158",133
2398478,"170,171,173,204,210",139
1422904,"29,38,126,132,148,154,156,205",193
3353034,"91,228,172,174,214,215,220,226",2
3397302,"58,69,99,190,200,176,185,191,192",198
3376098,"75,81,82,99,115,216,217,220",149
1352968,"102,106,202,225,226",21
419058,"21,60,127,132,137,147,152,157",194
3375447,"77,95,91,93,190,177,181,202",15
1375567,"81,99,106,166,214,217,220",75
373953,"14,79,80,99,219,225,226",168
399342,"58,66,100,190,200,176,182,202,204",167
3373680,"60,75,86,190,200,176,181,191,192",224
1375102,"5,71,81,106,100,228,171,173,217,221",189
2423216,"21,36,51,128,132,134,142,152,158,162",8
1350364,"120,90,82,106,119,122,198",98
3396651,"31,45,66,70,128,131,135,151,156,159",98
2375414,"81,91,106,167,214,217,220",76
1326742,"5,77,82,106,119,227,229",214
3395721,"64,69,95,158,189,179,182,193",161
373488,"80,99,151,155,171,173,192",117
3350058,"61,73,81,154,178,182,202,167,226",199
2399315,"57,69,189,200,179,184,192,202",158
1351573,"63,81,82,106,228,115,226,231",206
348936,"82,100,106,106,107,156,227",222
1397050,"60,65,69,189,200,172,174,179,184,193",165
2421449,"26,34,51,129,132,144,153,155,159",95
2376716,"73,80,93,82,167,204,206,216",166
3397953,"55,69,170,200,179,180,192,202,204,227",185
421197,"21,41,52,126,131,145,153,155,164",207
3397674,"61,70,71,189,200,178,184,198,215",16
399993,"14,23,47,129,133,135,147,151,155,165",77
2399501,"62,74,106,100,190,171,173,178,182",58
3349128,"74,81,86,95,82,115,118",128
1418626,"18,38,70,99,126,131,147,152,155,163",110
3419436,"16,18,36,129,133,144,151,157,162",189
1398445,"61,65,69,190,200,179,185,192",193
3374145,"11,76,80,82,106,152,167,213",131
1327579,"11,12,103,91,106,107,227",132
1418998,"24,42,51,70,129,131,141,151,155",127
3399255,"63,69,91,189,200,179,186,192",120
420546,"15,19,35,129,132,150,151,158,162",192
352842,"2,95,228,122,217,221",130
2398571,"70,95,100,189,201,171,173,178,186,192",83
1399375,"62,70,71,106,190,200,178,180,199",172
1400026,"60,106,190,200,177,181,192,202",204
420081,"15,31,35,127,130,144,154,157,164",205
420174,"16,27,38,95,129,132,134,150,152,155",200
3399906,"62,69,100,189,200,176,187,191,193,196",31
3350244,"113,99,111,112,227",198
1420672,"15,19,38,107,127,130,144,158,163",118
3420273,"20,40,52,127,132,138,142,153,158",141
2399594,"59,69,190,200,177,187,191,192,203",70
398040,"55,69,106,189,201,179,183,192,202",113
2422193,"16,33,39,128,131,142,153,158,159",62
2352257,"106,108,204,226",233
3422505,"18,36,51,128,133,135,147,153,158",44
1374265,"73,81,82,106,167,214,217,220",139
3396093,"63,70,71,99,190,200,171,173,178,185",82
